Season,KickingEfficiency
2012,0.6522711651152766
2013,0.6539793610404298
2014,0.6523480679400473
2015,0.6564200511730153
2016,0.6620501258514356
2017,0.6587702132042434
2018,0.6409413904837701
2019,0.6444155500705219
2020,0.6391082374971293
2021,0.6669179768055524
2022,0.670756224547657
